{
  "point": 0.008478098492075814,
  "ci_low": -0.01052657478663163,
  "ci_high": 0.027414773333615236,
  "level": 0.95,
  "n_resamples": 10000,
  "interpretation": "positive means PERSEUS F1 > Baseline F1"
}