{
  "point": 0.5841064945542558,
  "ci_low": 0.5651472367890278,
  "ci_high": 0.6034691407825736,
  "level": 0.95,
  "n_resamples": 10000
}