{
  "point": 0.5783506755707408,
  "ci_low": 0.5652414246669697,
  "ci_high": 0.5912545487078362,
  "level": 0.95,
  "n_resamples": 10000
}