{
  "point": 0.5868287740628166,
  "ci_low": 0.5729896600106642,
  "ci_high": 0.6003868138929953,
  "level": 0.95,
  "n_resamples": 10000
}