{
  "point": 0.75814332247557,
  "ci_low": 0.741042345276873,
  "ci_high": 0.7744401465798044,
  "level": 0.95,
  "n_resamples": 10000
}