{
  "point": 0.46748681898066785,
  "ci_low": 0.45166959578207383,
  "ci_high": 0.4833040421792619,
  "level": 0.95,
  "n_resamples": 10000
}