{
  "point": 0.5895765472312704,
  "ci_low": 0.5700325732899023,
  "ci_high": 0.6091205211726385,
  "level": 0.95,
  "n_resamples": 10000
}